bg_name,bg_id,group
INCLUDE-FL-Li,2b5b83b4-5111-468e-b704-3df6f6c8fa57,INCLUDE
INCLUDE-LF-Costello,e1e56375-2e21-426f-b88e-2ea183991cde,INCLUDE
INCLUDE-LF-Espinosa,5b6955bf-b379-46c9-97e3-4f9260bdeb90,INCLUDE
INCLUDE-LF-Gelb,40639424-b930-4091-b9b3-cae0216ea382,INCLUDE
INCLUDE-LF-Liu,a2b386a9-b127-4260-9dd3-09bb9aa9816b,INCLUDE
INCLUDE-LF-Lupo,8c00deaf-4bca-4bf7-97d6-e62b9f761fe2,INCLUDE
INCLUDE-LF-Plon,bab03d7f-aa83-433f-a01a-a0534c138162,INCLUDE
KF-Chordoma,5fd7c0c7-d58d-4843-8517-aafb1544c330,Kids First
KF-Diskin,babb628e-3dde-41e9-b327-d0eee403f735,Kids First
KF-FanconiAnemia,2c60318c-8e46-4c9f-ae87-65a202d01b4b,Kids First
KF-Gharavi,70f19b03-02ce-4860-9f54-1a5eec247aea,Kids First
KF-GleesonLab,30b67a5d-75c1-4625-9269-d6727f9bc061,Kids First
KF-Mitchell,4869fd29-9b6c-4a15-9474-ea36e4d65213,Kids First
KF-Naqvi,3a1ad2d8-37e7-46bb-a060-48288aa37d49,Kids First
KF-Rokita,f8c2e388-1d9d-4cfd-ae9a-877326c38e0b,Kids First
KF-Ruczinski,633883d3-c050-41e7-88a5-21f93a2b2107,Kids First
KF-Sharp-TRE,a82c1104-6077-4e72-b6c8-70d97c9a3a95,Kids First
KF-Turro,9f87d7b6-0511-4a43-98eb-e5fbfc025867,Kids First
KF-X01-AIS,a193567f-fc74-4328-b4a5-a9e36d52b9ec,Kids First
KF-X01-BASIC3,a3e542f5-cc8c-4059-b6b9-9ba7ec3e94d9,Kids First
KF-X01-CCDD,33cc1c78-825c-4e1c-bb2e-43bff3f79715,Kids First
KF-X01-CdLS,a88db98f-f128-453a-bf88-3744b3d36969,Kids First
KF-X01-DS-ALL,08a2947d-e353-44de-8adf-f7de73f149e2,Kids First
KF-X01-DS-CHD,ed29319e-1aa5-4884-8183-853488a8b9c9,Kids First
KF-X01-Microtia,e29ff596-5491-4397-b66a-61c0e2444da1,Kids First
KF-X01-Myeloid,a8f52a9c-80f8-42b0-8fbf-047c7cd9c677,Kids First
KF-X01-NCS,614080e5-6842-4568-a8cf-729638d10f89,Kids First
KF-X01-ODMS,66a7ded6-2300-4055-b328-5f830375c9e4,Kids First
KF-X01-ODMS_BEEC_PHACE,94a86205-4761-42dd-bdd9-4a54d5215032,Kids First
KF-X01-PCGC-Gelb,d607045c-e1d4-4379-bbab-634c4f9bf8c4,Kids First
KF-X01-T-ALL,34296d9d-ec97-443e-9850-02ea67b2eb9e,Kids First